{
  "model_size": {
    "full_model_gb": 13.0385160446167,
    "lora_adapter_mb": 13.016159057617188,
    "size_reduction_percent": 99.90251119999999,
    "total_params": 7000000000,
    "lora_params": 3407872,
    "trainable_percent": 0.04868388571428572
  },
  "federated_learning": {
    "rounds": [
      1,
      2,
      3
    ],
    "global_losses": [
      0.3789,
      0.0685,
      0.1419557893909927
    ],
    "total_improvement_percent": 62.53476131142974,
    "initial_loss": 0.3789,
    "final_loss": 0.1419557893909927
  },
  "aggregation_comparison": {
    "naive_weights": [
      0.3333333333333333,
      0.3333333333333333,
      0.3333333333333333
    ],
    "sample_weights": [
      0.452,
      0.2521,
      0.2959
    ],
    "agentic_weights": [
      0.22749300110628418,
      0.547337977497757,
      0.22516902139595882
    ],
    "naive_loss": 0.18919999999999998,
    "sample_loss": 0.21634813,
    "agentic_loss": 0.1419557893909927,
    "improvement_vs_naive_percent": 24.97051300687488,
    "improvement_vs_sample_percent": 34.38547890800225
  },
  "privacy": {
    "data_overlap": {
      "A_B": 0,
      "A_C": 0,
      "B_C": 0
    },
    "samples_per_hospital": {
      "A": 4520,
      "B": 2521,
      "C": 2959
    },
    "transmission_lora_mb": 13.016159057617188,
    "privacy_preserved": true
  },
  "metadata": {
    "timestamp": "2026-01-06T09:34:47.138645",
    "gpu": 3,
    "project": "FED-MED: Federated Medical AI with LoRA"
  }
}