{
  "rounds": [
    1,
    2,
    3
  ],
  "global_losses": [
    0.3789,
    0.0685,
    0.1419557893909927
  ],
  "client_losses": {
    "hospital_A": [
      0.1276,
      0.1276,
      0.3217
    ],
    "hospital_B": [
      0.042,
      0.042,
      0.0416
    ],
    "hospital_C": [
      0.0471,
      0.0471,
      0.2043
    ]
  },
  "agent_weights": {
    "hospital_A": [
      0.288,
      0.288,
      0.22749300110628418
    ],
    "hospital_B": [
      0.355,
      0.355,
      0.547337977497757
    ],
    "hospital_C": [
      0.357,
      0.357,
      0.22516902139595882
    ]
  }
}